,filename,author,description,viewcount,rating,likes,dislikes,duration,length,keywords,published
0,False Prophets - J. Cole.mp4,Dreamville,"Music Video for ""False Prophets"" by J. Cole

Directed by Scott Lazer

dreamville.lnk.to/falseprophets

'4 Your Eyez Only' by J. Cole available everywhere 12/9

Dreamville.com",480419,4.94499731064,29837,416,00:04:08,248,"[j. cole, 4 your eyez only, false prophets, dreamville, coleworld, eyez]",2016-12-06 01:10:18
1,Everybody Dies - J. Cole.mp4,Dreamville,"Music Video for ""Everybody Dies"" by J. Cole

Directed by Scott Lazer

http://dreamville.lnk.to/everybody

'4 Your Eyez Only' by J. Cole available everywhere 12/9

Dreamville.com",213477,4.96290302277,20190,189,00:02:45,165,"[j. cole, 4 your eyez only, everybody dies, eyez, dreamville, coleworld]",2016-12-06 01:09:57
2,DJ Mustard - Main Bitch ft. RJ.mp4,DJMustardVEVO,"Music video by DJ Mustard performing Main Bitch. (C) 2016 Roc Nation, LLC.

http://vevo.ly/PsFVoE",47943,4.81818199158,1953,93,00:03:11,191,"[DJ, Mustard, Main, Bitch, Roc, Nation, Artists, Hip, Hop]",2016-12-05 08:00:01
3,Soulja Boy - Pesos.mp4,Soulja Boy,"Soulja Boy - Pesos
Real Soulja 4 Life out now!
iTunes: http://www.smarturl.it/realsoulja4life
http://www.sodmg.com",87733,4.64949941635,3738,359,00:03:11,191,"[soulja boy, sodmg, swag, soulja, trap, crank, pop, music, videos, pesos, soulja boy tell 'em, real soulja 4 life]",2016-12-04 11:28:41
4,Young M.A - _EAT_ (Official Video).mp4,Young MA,"Young M.A's new music video for her freestyle ""EAT."" Directed by a piece by guy x Young M.A. 
Produced by @yosoydjmostwanted

Purchase official Young M.A gear at: https://shopyoungma.com.

IG: http://instagram.com/hennynhoes
Spotify: http://sptfy.com/youngma 
Twitter: http://twitter.com/youngmamusic
Facebook: http://facebook.com/youngmamusic
Website: http://youngmamusic.com",2925591,4.90976047516,115075,2656,00:06:38,398,"[youngm.a, young m.a, redlyfe, red lyfe, brooklyn, eat, freestyle, official music video]",2016-12-02 17:00:33
5,"Rick Ross - Buy Back the Block ft. 2 Chainz, Gucci Mane.mp4",RickRossVEVO,"""Buy Back the Block"" Available at:
iTunes: http://smarturl.it/BuyBackTheBlock
Amazon: http://smarturl.it/BuyBackTheBlock_Dig
Spotify: http://smarturl.it/BuyBackTheBlock_Spfy
Google Play: http://smarturl.it/BuyBackTheBlock_GP

Facebook: @RickRoss https://www.facebook.com/rickross/
Twitter: @rickrozay  https://twitter.com/rickyrozay
Instagram: @Richforever https://www.instagram.com/richforever/
Snapchat: @FerrariFatBoy 


(C) 2016 Epic Records, a division of Sony Music Entertainment

http://vevo.ly/Kk4Pde",2432242,4.80926895142,41981,2102,00:08:00,480,"[Rap, Freaky Ho, Epic, Buy Back the Block, Gucci Mane, 2 Chainz, Rick Ross feat. 2 Chainz & Gucci Mane, Epic Records, Rick Ross, Hip Hop]",2016-12-02 17:00:01
6,Gucci Mane - St. Brick Intro [Official Music Video].mp4,OfficialGucciMane,"Gucci Mane - St. Brick Intro
Download/Stream St. Brick Intro - https://atlanti.cr/stbrick
East Atlanta Santa Merch Shop now open, shop here: http://smarturl.it/Gucci.ShopYT

Follow Gucci Mane
http://GucciManeOnline.com
http://Twitter.com/Gucci1017
http://Facebook.com/GucciMane
http://Instagram.com/LaFlare1017
https://open.spotify.com/artist/13y7CgLHjMVRMDqxdx0Xdo",1085262,4.8806476593,27377,842,00:04:38,278,"[Gucci Mane, St Brick, Music Video, Return of East Atlanta Santa]",2016-12-02 15:25:11
7,"Machine Gun Kelly, Camila Cabello - Bad Things.mp4",MGKVEVO,"MGK x Camilla Cabello 'Bad Things' out now!
iTunes: http://smarturl.it/BadThings
Apple: http://smarturl.it/BadThings.ap
Spotify: http://smarturl.it/BadThings.sp
Amazon: http://smarturl.it/BadThings.amz
Google Play: http://smarturl.it/BadThings.gp

Music video by Machine Gun Kelly, Camila Cabello performing Bad Things. (C) 2016 Bad Boy/Interscope Records

http://vevo.ly/scSfvQ",7209663,4.89845323563,316225,8237,00:04:39,279,"[Machine, Gun, Kelly, Camila, Cabello, Bad, Things, Boy, Interscope, Hip, Hop]",2016-12-01 11:00:02
8,Lil Durk - Rich Forever Feat YFN Lucci (Official Music Video).mp4,Lil Durk,"Watch the official music video for ""Rich Forever"" by Lil Durk ft YFN Lucci. 

Subscribe to Lil Durk's official channel for exclusive music videos and behind the scenes looks: http://bit.ly/Subscribe-to-Durk

More Lil Durk:
https://fb.com/lildurk
https://twitter.com/lildurk_
https://instagram.com/Imlildurk2x
http://officiallildurk.com",91258,4.90050649643,2117,54,00:03:11,191,"[lil durk rich forever, rich forever lil durk, rich forever, lil durk, lil durk yfn lucci, yfn lucci, lil durk 2016, lil durk music, lil durk music video, yfn lucci music, yfn lucci 2016, chicago, chiraq, drill, OTF, only the family, they forgot, lil durk 2x, lil durk2x, new hip hop songs, rap, hip hop]",2016-11-30 21:14:42
9,"DJ Mustard - Know My Name ft. Rich The Kid, RJ.mp4",DJMustardVEVO,"Music video by DJ Mustard performing Know My Name. (C) 2016 Roc Nation, LLC.

http://vevo.ly/TkGp5E",409224,4.89271736145,10704,295,00:03:27,207,"[DJ, Mustard, Know, My, Name, Roc, Nation, Artists, Hip, Hop]",2016-11-30 18:00:00
10,Rae Sremmurd - Shake It Fast ft. Juicy J.mp4,RaeSremmurdVEVO,"Rae Sremmurd “SremmLife 2” available now
iTunes: http://smarturl.it/SremmLife2
Apple Music: http://smarturl.it/SremmLife2.AP
Google Play: http://smarturl.it/SremmLife2.GP
Amazon: http://smarturl.it/SremmLife2.AMZ
Spotify: http://smarturl.it/SremmLife2.SP
Target (includes 2 bonus tracks): Sremmlife 2: http://smarturl.it/Sremmlife2.Tgt 
Rae Sremmurd newsletter: http://smarturl.it/RaeSremmurd.News 

Music video by Rae Sremmurd performing Shake It Fast. (C) 2016 Eardruma/Interscope Records

http://vevo.ly/aeorOX",850561,4.7776026728,29963,1764,00:04:06,246,"[Rae, Sremmurd, Shake, It, Fast, Eardruma/Interscope, Records, Hip, Hop]",2016-11-30 17:00:00
11,Fetty Wap - Make You Feel Good [Official Video].mp4,harlem fetty,"Make You Feel Good out now 
►Download on iTunes: http://flyt.it/MakeYouFeelGood
►Spotify: http://flyt.it/MakeYouFeelGoodSp
►Google Play: http://flyt.it/MakeYouFeelGoodGp
►Amazon Music: http://flyt.it/MakeYouFeelGoodAm
►Apple Music: http://flyt.it/MakeYouFeelGoodAp
--
►Website: http://www.fettywap.com/
►Instagram: https://instagram.com/FettyWap1738/
►Twitter: https://twitter.com/fettywap
►Facebook: https://www.facebook.com/FettyWap
--
Directed by Shomi Patwary",897688,4.91760540009,26864,565,00:02:21,141,"[Fetty Wap, Trap Queen, 679, RGF, 300 Entertainment, 1738, My Way, Atlantic Records]",2016-11-29 18:21:16
12,Ty Dolla $ign - $ [Music Video].mp4,Ty Dolla $ign,"Campaign Available Now! 
Download: http://smarturl.it/GetCampaign?IQid=ty.yt
Stream: http://smarturl.it/CampaignSP?IQid=ty.yt

Producer: Marc Robert Zendrini
Production Assistant: Anita Jovanovic
Director: Gabe Shaddow
1st Camera: Ruben Assenberg van Eijsden
2nd Camera and Drone Camera: Marco Frei
Day 2 Cam Op: David Camarena
Editor: David Camarena

Special Thanks to Montreux Jazz Festival!

Connect with Ty Dolla $ign: 
Website – http://dollasignworld.com
Facebook – http://fb.com/tydollasign
Twitter – http://twitter.com/tydollasign
Subscribe – http://smarturl.it/TyDollaSignYT
Instagram – http://instagram.com/tydollasign
SoundCloud – http://soundcloud.com/tydollasign
Official Webstore – http://atlr.ec/TDSMerchYT",523284,4.9013671875,17048,431,00:03:27,207,"[Ty Dolla $ign, Ty Dolla Sign, Ty$, Dolla $ign, Campaign, Hip-Hop, Rap, Atlantic Records, Taylor Gang, Wiz Khalifa, West Coast Hip Hop, Montreux Jazz Festival, Switzerland, Yachts]",2016-11-29 17:00:13
13,Gucci Mane - Last Time feat. Travis Scott [Official Music Video].mp4,OfficialGucciMane,"Gucci Mane - Last Time feat. Travis Scott

iTunes: http://smarturl.it/DownloadLastTime
Spotify: http://smarturl.it/StreamLastTime
Google Play: http://smarturl.it/LastTimeGP
Apple Music: http://smarturl.it/LastTimeAM

East Atlanta Santa Merch Shop now open, shop here: http://smarturl.it/Gucci.ShopYT

Director: David Helman
Producer: Jeff Kopchia
Exec Producer: Laura Jones at Partizan
Director of Photography:  Michael Ragen
Production Designer:  Lauren Nikrooz
Editor Nick Rondeau at Arcade
Colorist: Jason Wallis at Electric Theatre Collective
Sound Design : Andrew Le Guier at Vaudeville
VFX: Gloria FX

Follow Gucci Mane
http://GucciManeOnline.com
http://Twitter.com/Gucci1017
http://Facebook.com/GucciMane
http://Instagram.com/LaFlare1017
https://open.spotify.com/artist/13y7CgLHjMVRMDqxdx0Xdo",1561387,4.91597223282,34300,736,00:04:21,261,"[Gucci Mane, Last Time, Music Video, Travis Scott, Return of East Atlanta Santa, Guwop, Laflare]",2016-11-29 03:29:53
14,Brianna Perry & Lee Mazin - TOB (Them Other Bxxxxes) [Official Video].mp4,briannatheyrb,"New video from Brianna Perry & Lee Mazin ""TOB (Them Other Bxxxxes)"" 

MP3 Clean: https://soundcloud.com/briannaperry/tob-them-other-bxxxxes-clean

MP3 Dirty: https://soundcloud.com/briannaperry/tob-them-other-bxxxxes-dirty

Follow Brianna Perry
Twitter: @BriannatheYRB
IG: @BriannaPerry

Follow Lee Mazin
Twitter: @LeeMazin
IG: @LeeMazin",171984,4.94398069382,3661,52,00:03:12,192,"[brianna perry, lee mazin, sisterhood of hip hop, hip hop, rap, miami, oxygen, dade county]",2016-08-23 21:05:53
15,G-Eazy - Calm Down.mp4,GEazyMusicVEVO,"G-Eazy new album ""When It's Dark Out"" Available Now! Get it on:
iTunes: http://smarturl.it/GEazyWIDO?IQid=yt
Stream on Spotify: http://smarturl.it/GEazyWIDOs?IQid=yt
Google Play: http://smarturl.it/GEazyWIDOg?IQid=yt
Amazon: http://smarturl.it/GEazyWIDOa?IQid=yt

Follow G-Eazy:
Facebook: https://www.facebook.com/G.Eazy 
Twitter: https://twitter.com/g_eazy 
Instagram: https://instagram.com/G_Eazy 
http://www.g-eazy.com/",16106557,4.88365077972,231786,6944,00:02:12,132,"[Rap, G-Eazy, BPG/RVG/RCA Records, Calm Down]",2016-08-23 07:00:02
16,Slim Thug - King (Official Video).mp4,SlimThugVEVO,"Get the album, ""Hogg Life, Vol. 4: American King"". Out Now!
iTunes: https://itunes.apple.com/us/album/hogg-life-vol.-4-american-king/id1129584433?uo=4&at=1001l3Iq&ct=888915244050&app=itunes
Spotify: https://play.spotify.com/album/7aObuiYxtIOdVtCyZrHkoo?play=true&utm_source=open.spotify.com&utm_medium=open
Google Play: https://play.google.com/store/music/album/Slim_Thug_Hogg_Life_Vol_4_American_King?id=Bn6huhj6yobtjji6a37r35phra4

Official music video by Slim Thug performing King. 2016 Hogg Life

http://vevo.ly/sqqHwi",322217,4.8506731987,4719,183,00:03:57,237,"[Slim, Thug, King, Hogg, Life, Rap/Hip-Hop, Hogg Life, Vol. 4, American King, Official, VEVO, EMPIRE, New, Music Video]",2016-08-22 20:07:26
17,Gucci Mane - At Least A M [Official Music Video].mp4,OfficialGucciMane,"Gucci Mane - At Least A M

Stream Everybody Looking on Spotify - http://smarturl.it/StreamGucciSpotify

Everybody Looking Available Now

Follow Gucci
Instagram - https://www.instagram.com/laflare1017
Twitter - https://twitter.com/gucci1017
Facebook - https://www.facebook.com/guccimane
Website - http://guccimaneonline.com/",2647116,4.45325422287,20546,3253,00:04:00,240,"[Gucci Mane, At Least A M, Music Video, Everybody Looking]",2016-08-20 19:51:46
18,Z-Ro - I Know.mp4,ZRoOfficialVEVO,"Get the album, ""Drankin' & Drivin'"".
iTunes: https://itunes.apple.com/us/album/drankin-drivin/id1114616014?uo=4&at=1001l3Iq&ct=888915229361&app=itunes
Spotify: https://open.spotify.com/album/0RUOgdsHSC7qEGWaqSZ9B9
Google Play: https://play.google.com/store/music/album/Z_Ro_Drankin_Drivin?id=Brn2jab2m7ceokux2l33nd6bc4m&hl=en


Official music video by Z-Ro performing I Know. 2016 1 Deep Entertainment

http://vevo.ly/iTxULE",1193425,4.85377311707,13151,499,00:03:37,217,"[Z-Ro, Know, Deep, Entertainment, Rap/Hip-Hop, Drankin, Drivin, Official, VEVO, Music Video, Zro]",2016-08-18 19:00:01
19,Logic - Super Mario World (Official Video).mp4,Visionary Music Group,"Watch the official video for ""Super Mario World"" off the Bobby Tarantino mixtape.

Get Bobby Tarantino on iTunes now: https://geo.itunes.apple.com/us/album/bobby-tarantino/id1129380389?at=1l3vsrm&mt=1&app=music

Directed by Justin Fleischer
Shot by Justin Fleischer, Nick Mahar, Mike Holland, Alec Schweitzer
Edited by Justin Fleischer
Color Grading by Mike Holland

Special thanks to historic ship MARY A. WHALEN, home of PortSide NewYork
www.portsidenewyork.org
with dancing staff from PortSide and apprentices from District Council 9 trainee program

SUBSCRIBE to the official Visionary Music Group channel for more original material from Logic & Jon Bellion including music video premieres, behind the scenes & more: http://bit.ly/Subscribe-to-VMG

Follow Visionary Music Group:
https://twitter.com/TeamVisionary
https://fb.com/VisionaryMusicGroup
http://instagram.com/teamvisionary",3843091,4.78183794022,76014,4385,00:03:02,182,"[Logic Mario, Logic, Visionary Music Group, vmg, new, video, live, freestyle, bars, jam, incredible, true, story, under, pressure, visionary, music, group, official, logic super mario world, super mario world logic, bobby tarantino, super mario world, rapper, new hip hop songs, logic 2016, logic music]",2016-08-17 23:13:53
20,"Kid Ink - Nasty ft. Jeremih, Spice.mp4",KidInkOfficialVEVO,"Download & Stream Kid Ink ""Nasty"" below:
Apple Music: http://smarturl.it/iNasty?iqid=yt
Amazon: http://smarturl.it/aNasty?iqid=yt
Google Play: http://smarturl.it/gNasty?iqid=yt
Spotify: http://smarturl.it/sNasty?iqid=yt",10842775,4.81675434113,98936,4750,00:03:58,238,"[Rap, Tha Alumni Music Group/88 Classic/RCA Records, Kid Ink feat. Jeremih & Spice, Nasty]",2016-08-17 07:00:01
21,OTHER SIDE  - TORY LANEZ  (I TOLD YOU 8-19-16).mp4,Tory Lanez,Tory Lanez Debut Album on August 19 2016,108880,4.93856811523,3975,62,00:05:36,336,"[tory, lanez, tory lanez, other, otha, side, cide, syde, niggas, 90s, block, hood, money, troy, lanes, brooklyn new york, east, bobby rowdy, starlets, stripclub, certain mans, fuck the other side, news, toronto, new toronto official video]",2016-08-16 22:16:45
22,Mistah F.A.B. - Still Feelin' It.mp4,MistahFabVEVO,"Get the album, ""Son of a Pimp, Pt. 2 "". Out Now!
iTunes: https://itunes.apple.com/us/album/son-of-a-pimp-pt.-2/id1106027496?uo=4&at=1001l3Iq&ct=888915218969&app=itunes
Spotify: https://open.spotify.com/album/7rkEFjm5tuORcwq3GIyuSJ
Google Play: https://play.google.com/store/music/album/Mistah_F_A_B_Son_of_a_Pimp_Pt_2?id=Bsqkatznw7yxm54s43yctgphygy&PAffiliateID=1101l3z7&PCamRefID=888915218969

Official music video by Mistah F.A.B. performing Still Feelin' It. 2016 Faeva Afta / EMPIRE

http://vevo.ly/8t1JYE",484299,4.90854740143,6539,153,00:03:46,226,"[Mistah, F.A.B., Mistah FAB, Still, Feelin', It, Faeva, Afta, EMPIRE, Rap/Hip-Hop, Son Of A Pimp, Part 2, Pt. 2, Official, VEVO, Music Video, Mac Dre, RIP, Bay Area, Hyphy Movement]",2016-08-16 21:00:01
23,The Game - All Eyez ft. Jeremih.mp4,TheGameVEVO,"“All Eyez (feat. Jeremih)” is off of The Game’s ‘1992’ album
Get ‘All Eyez’ –  http://flyt.it/alleyez
http://www.comptongame.com/

Directed by: Benny Boom
Edited by: Devin Blakeney
Producer: John Lathan
Executive Producer: Gerald Rawles & Nicholas Stokes

http://vevo.ly/wFijDA",20464334,4.81790494919,173058,8254,00:03:36,216,"[The, Game, All, Eyez, eOne, Music, Hip-Hop]",2016-08-16 16:00:36
24,Trina - For Free (Freestyle).mp4,Trina,"Trina reminds us why she's Da Baddest Bitch with her version of DJ Khaled's 'For Free.""
Download the NEW Trina app for exclusive content now: https://smarturl.it/Trina",260466,4.88692331314,5053,147,00:01:43,103,"[Trina (Musical Artist), DJ Khaled, Drake, Major Key, Key Alert]",2016-08-15 21:18:38
25,"YG - Why You Always Hatin_ ft. Drake, Kamaiyah.mp4",YGVEVO,"Watch the official video for “Why You Always Hatin?” feat. Drake & Kamaiyah from YG’s sophomore album STILL BRAZY Available Now! http://smarturl.it/StillBrazy

Download STILL BRAZY
iTunes: http://smarturl.it/iStillBrazy
Google: http://smarturl.it/gStillBrazy
Amazon: http://smarturl.it/aStillBrazy

Stream On,
Spotify:http://smarturl.it/sStillBrazy
Tidal: http://smarturl.it/tStillBrazy
Apple Music: http://smarturl.it/xStillBrazy

More From YG:
http://4hunnid.com
http://twitter.com/YG
http://instagram.com/YG
http://facebook.com/4HUNNID


Music video by YG performing Why You Always Hatin?. (C) 2016 Def Jam Recordings, a division of UMG Recordings, Inc.

http://vevo.ly/n1URpP",45620569,4.74414634705,363053,24809,00:04:14,254,"[YG, Why, You, Always, Hatin?, Def, Jam, Recordings, Hip, Hop]",2016-08-15 07:00:01
26,"Young Thug, Travis Scott - Pick Up the Phone (Explicit) ft. Quavo.mp4",TravisScottVEVO,"Available at iTunes: http://smarturl.it/BITTSM
Apple Music: http://smarturl.it/BITTSM_AM
Spotify: http://smarturl.it/BITTSM_Sptfy
Amazon: http://smarturl.it/BITTSM_Dig
Google Play: http://smarturl.it/BITTSM_GP

https://twitter.com/trvisxx
https://instagram.com/travisscott/
https://www.facebook.com/travisscottlaflame

(C) 2016 Epic Records, a division of Sony Music Entertainment",12562655,4.87743664717,190956,6036,00:05:03,303,"[Quintana, Rap, Epic/Grand Hustle, Owl Pharaoh, Travi$, Days Before Rodeo, Rodeo, Mamacita, Young Thug & Travis Scott feat. Quavo, #LaFlame, Birds in the Trap Sing McKnight, pick up the phone, LaFlame, 3500, La Flame, Upper Echelon, Young Thug, Quavo, Hip Hop]",2016-08-13 06:00:02
27,"Joe Budden - Flex (Official Video) ft. Tory Lanez, Fabolous.mp4",JoeBuddenVEVO,"Get the album, ""Rage & The Machine"".
iTunes: https://itunes.apple.com/us/album/rage-the-machine/id1153857176?uo=4&at=1001l3Iq&ct=888915274521&app=itunes
Spotify: https://play.spotify.com/album/57rqfjTcSuv9Ih9gLyFpEN
Google Play: https://play.google.com/store/music/album?id=B3g3zvbakfcoapadaqp23kptwje&tid=song-Tkbcqiebb2rcxgh474lgrwj23qm&PAffiliateID=1101l3z7&PCamRefID=888915274804

Produced by Araabmuzik
Bass, Guitar, and Keys by Brady Watt

Official music video by Joe Budden feat. Tory Lanez & Fabolous performing Flex. 2016 Mood Muzik Entertainment / EMPIRE

http://vevo.ly/iXkOPH",863954,4.6704325676,11939,1072,00:04:15,255,"[Joe, Budden, Flex, Mood, Muzik, Entertainment, EMPIRE, Rap/Hip-Hop, Official music Video, Tory Lanez, Fabolous, Araabmuzik]",2016-08-11 17:48:46
28,Joey Bada$$ - _Devastated_ (Official Music Video).mp4,PRO ERA,"iTunes: http://smarturl.it/Devastated
Amazon: http://smarturl.it/DevastatedAmazon
Apple Music: http://smarturl.it/DevastatedAppleMusic
Spotify: http://smarturl.it/DevastatedSpotify
Google Play: http://smarturl.it/DevastatedGooglePlay

Directed by oG Swank & Shomi Patwary
Song produced by Adam Pallin, Kirk Knight, & Powers Pleasant

Follow Joey Bada$$ 
Twitter: https://twitter.com/joeyBADASS
Facebook: https://www.facebook.com/fckingbadass 
Instagram: http://instagram.com/joeybadass
Spotify: http://spoti.fi/1yvtlm7
Website: http://joeybadass.com

Follow Pro Era 
Twitter: https://twitter.com/proera
Facebook:https://www.facebook.com/ProgressiveEra
Tumblr: http://proera.tumblr.com
Instagram: http://instagram.com/proera47 
Soundcloud: https://soundcloud.com/proeraradio
Website: http://theproera.com
Shop - http://shop.theproera.com/
Shop - http://shop.thesmokersclub.com

Pro Era / Cinematic Music Group",8585580,4.88199472427,119810,3642,00:03:29,209,"[joey bada$$, pro era, devastated, i used to feel so devastated, rap, hip hop, beast coast, progressive era, jozif badmon, beastcoast, nyc, new york city, music]",2016-08-10 16:04:51
29,Gucci Mane - Gucci Please [Official Music Video].mp4,OfficialGucciMane,"Gucci Mane - Gucci Please

Stream Everybody Looking on Spotify - http://smarturl.it/GucciSpotify

Everybody Looking Available Now

Official Ice Cream Dad Hats available here: http://atlr.ec/IceCreamDadHatsYT

Follow Gucci
Instagram - https://www.instagram.com/laflare1017
Twitter - https://twitter.com/gucci1017
Facebook - https://www.facebook.com/guccimane
Website - http://guccimaneonline.com/",6625029,4.78246021271,49050,2821,00:03:33,213,"[Gucci Mane, Gucci Please, Music Video, Everybody Looking]",2016-08-09 17:00:43
30,Jim Jones - Harlem (feat. A$AP Ferg) (Official Music Video).mp4,EMPIRE TV,"Get the single, ""Harlem"".
iTunes: https://itunes.apple.com/us/album/harlem-feat.-a$ap-ferg-single/id1105040434?uo=4&at=1001l3Iq&ct=888915220580&app=itunes
Spotify: https://open.spotify.com/album/6He18zNH6J6woISYS5grPR
Google Play: https://play.google.com/store/music/album/Jim_Jones_Harlem_feat_A_AP_Ferg_Single?id=Bdqhow7nmwginikvqls4maguxwe&PAffiliateID=1101l3z7&PCamRefID=888915220580

Official music video by Jim Jones feat. A$AP Ferg performing Harlem. © 2016 Vamplife / EMPIRE",834179,4.86229515076,9424,336,00:02:38,158,"[Official, Jim Jones, EMPIRETV, ASAP Ferg, A$AP Ferg, EMPIRE, New, Music Video, VEVO, Rap, Hip-Hop, Harlem, VampLife]",2016-08-08 19:04:49
31,B.o.B - $tack Of Dreams - Official Video.mp4,B.o.B,"E.A.R.T.H mixtape
Get it here on http://www.datpiff.com/BoB-EARTH-mixtape.779875.html
and follow B.o.B 
Instagram @Bob 
Twitter @bobatl",283262,4.8939743042,6317,172,00:03:10,190,"[B.o.B - Stack Of Dreams, earth, no genre]",2016-08-08 18:57:43
32,Maino - Heard U.mp4,MainoVEVO,"Music video for Heard U performed by Maino.

t.co/mZHZVE9jfu

www.instagram.com/MainoHustleHard

https://goo.gl/TKZ9Lb

Copyright (C) 2016 Jermaine Coleman.

http://vevo.ly/dO3TOu",153820,4.8605389595,1827,66,00:03:38,218,"[vydia, music, music video, Heard U, Maino, Rap/Hip-Hop, single, 2016, Jermaine Coleman, Hustle Hard / Empire / BKLYN, Jay Rodriguez & Rock Davis, vevo]",2016-08-08 13:49:41
33,Rae Sremmurd - Set The Roof ft. Lil' Jon.mp4,RaeSremmurdVEVO,"Rae Sremmurd “SremmLife 2” available now
iTunes: http://smarturl.it/SremmLife2
Apple Music:  http://smarturl.it/SremmLife2.AP
Google Play:  http://smarturl.it/SremmLife2.GP
Amazon: http://smarturl.it/SremmLife2.AMZ
Spotify:  http://smarturl.it/SremmLife2.SP
 Target (includes 2 bonus tracks): Sremmlife 2: http://smarturl.it/Sremmlife2.Tgt 
Rae Sremmurd newsletter: http://smarturl.it/RaeSremmurd.News 

Rae Sremmurd newsletter: http://smarturl.it/RaeSremmurd.News 

Music video by Rae Sremmurd performing Set The Roof. (C) 2016 Eardruma/Interscope Records

http://vevo.ly/jexAUp",10553513,4.64717960358,118206,11435,00:03:29,209,"[Rae, Sremmurd, Set, The, Roof, Eardruma/Interscope, Records, Hip, Hop]",2016-08-08 04:00:01
34,Young Dolph - Royalty.mp4,YoungDolphVEVO,"Get the album, ""King of Memphis"". Out Now!
iTunes: https://itunes.apple.com/us/album/king-of-memphis/id1084907209?uo=4&at=1001l3Iq&ct=888915196038&app=itunes
Google Play: https://play.google.com/store/music/album/Young_Dolph_King_of_Memphis?id=Btmdxa2r24fg4bhlraoybf5vcaa&PAffiliateID=1101l3z7&PCamRefID=888915196038

Official music video by Young Dolph performing Royalty. 2016 Paper Route Empire

http://vevo.ly/chC024",3553244,4.81180047989,28700,1417,00:03:20,200,"[Young, Dolph, Royalty, Paper, Route, Empire, Rap/Hip-Hop, BET Jams, EMPIRE, Official, VEVO]",2016-08-08 03:54:48
35,Juicy J - No English ft. Travi$ Scott.mp4,TheJuicyJVEVO,"Get Juicy J's ""No English"" ft. Travis Scott 
iTunes: http://smarturl.it/NoEnglish
Spotify: http://smarturl.it/NoEnglishStr
Apple Music: http://smarturl.it/NoEnglishAM
Google Play: http://smarturl.it/NoEnglishGp 
Amazon: http://smarturl.it/NoEnglishAmazon 

Directors | RJ Sanchez & Brendan Vaughan
Producer | Matt Zolly
Cinematographer | Nicholas Bupp
Projection Design | SUSBOY | http://susboy.com/
Art Director | Clayton Beisner
AD | Parker McMillan
Editors | RJ Sanchez & Brendan Vaughan
Color | Bryan Smaller
Wardrobe | Lisa Madonna & Nick Frost
Casting | Skyler Reed 
Hair and Make-Up | Tammy Yi
Commissioner | Saul Levitz

Thanks to Daniel Herzog, Nathan Olivas, Caroline Clayton and Sam King! 

A Snow-Beach Production | www.snow-beach.com

Follow Juicy: 
http://thejuicyj.com
http://www.facebook.com/juicyjmusic
http://twitter.com/therealjuicyj
http://instagram.com/juicyj",2090677,4.86372089386,32179,1135,00:03:45,225,"[Rap, No English, Kemosabe Records/Columbia, Juicy J feat. Travi$ Scott]",2016-08-05 14:15:00
36,Skrillex & Rick Ross - Purple Lamborghini [Official Video].mp4,Skrillex,"The official video for Skrillex & Rick Ross - ""Purple Lamborghini""
Featured in ""Suicide Squad"" movie & official soundtrack

iTunes: http://smarturl.it/purplelambo 
Spotify: http://smarturl.it/streampurplelambo 
http://purplelambo.com

Directed by: Colin Tilley
Produced by: Andrew Lerios and Skrillex
Executive Producers: Luga Podesta, Brandon Bonfiglio
Director of Photography: Rob Witt
Edited by: Vinnie Hobbs and Skrillex
Colorist: Ricky Gausis
Featuring Jared Leto as The Joker

Official Skrillex Store: http://smarturl.it/SkrillexMerch

Follow Skrillex:
http://skrillex.com
http://fb.com/skrillex
http://twitter.com/skrillex
http://instagram.com/skrillex
http://soundcloud.com/skrillex


Follow Rick Ross:
http://twitter.com/rickyrozay
http://fb.com/rickross
http://instagram.com/richforever
http://soundcloud.com/rickyrozaymmg
http://rickrossemoji.com

http://owsla.com
http://www.mmgselfmade.com",175005428,4.79326534271,1678942,91503,00:04:22,262,"[Skrillex & Rick Ross, purple lamborghini, purple lambo, purple lamborgini, owsla, jared leto, joker, suicide squad, skrillix, skirllex, skrillex, rick ross, rozay, dc comics, maybach music, soundtrack, forgive me for my wrongs, i have just begun, purple lamborghini lurkin, lurkin, sucide squad, skrillex and rick ross, skrillex rick ross, forgive me for my wrongs i have just begun, ain't no mercy, dope boy, skrllex, skrilex]",2016-08-05 11:02:39
37,Lil Yachty - _All In_ (Official Music Video).mp4,The FADER,"In addition to The FADER's recent Lil Yachty film Keep Sailing, Petra Collins also directed a new music video for ""All In,"" off Lil Yachty's just-dropped Summer Songs 2 tape.

The smiley posse cut features nine members of the Sailing Team: Lil Yachty, Byou, Kay the Yacht, TheGoodPerry (f.k.a. Burberry Perry), BIGBRUTHACHUBBA, Soop, JBan$, K $upreme, and rising star Kodie Shane, who's got a show in NYC on Friday, August 4. Lil Yachty's own The Boat Show tour starts two days later, on August 6 in Vancouver.

http://www.thefader.com/2016/08/04/lil-yachty-all-in-video-summer-songs-2

Subscribe now for more The FADER  http://bit.ly/XPZVfG

Read the FADER: http://www.thefader.com
Follow the FADER on Twitter: https://twitter.com/thefader
Like the FADER on Facebook: http://on.fb.me/11JaNSJ
Follow the FADER on Tumblr: http://bit.ly/xerObW

Director: Petra Collins
Producer: Robert Semmer, Sydney Buchan, Kevin Hayden, David Brody 
Executive Producers: Joseph Patel
Production Company: The FADER & Anchor Light
Associate Producer: Scott Perry
Production Manager: Joy Jorgenson 
Production Coordinators: Maria Altamirano & Madison LaClair
DP: Kevin Hayden
Camera Operator: Scott Perry
AC: Chauncey Tanton 
Production Designer: Lauren Nikrooz
Stylist: Zara Mirkin
Art Assistant: DeJuan Anderson
Editor: Brook Linder
Titles: Orian Barki",7670671,4.65609312057,68953,6486,00:06:28,388,"[lil yachty music video, lil yachty summer songs 2, lil yachty all in music video, the fader lil yachty, lil yachty documentary, burberry perry lil yachty, lil boat, lil boat one night, lil yachty one night, 1 night, the fader documentaries, the fader music videos, lil yachty lil boat, kodie shane, ksupreme, jbans]",2016-08-04 22:07:29
38,Lil Durk - Super Powers.mp4,LilDurkVEVO,"""Super Powers"" From The new album Lil Durk - Available Now! http://smarturl.it/LilDurk2x


Google Play http://smarturl.it/gLilDurk2x
Amazon http://smarturl.it/aLilDurk2x
iTunes http://smarturl.it/iLilDurk2x


More From Lil Durk: 

http://lildurk2x.com 

http://twitter.com/lildurk
http://facebook.com/lildurk
http://instagram.com/imlildurk2x 

http://youtube.com/lildurk

Music video by Lil Durk performing Super Powers. (C) 2016 Def Jam Recordings, a division of UMG Recordings, Inc.

http://vevo.ly/xsB5LQ",7592222,4.75979852676,60842,3887,00:04:12,252,"[Lil, Durk, Super, Powers, Def, Jam, Recordings, Hip, Hop]",2016-08-04 16:00:01
39,Dreezy - We Gon Ride ft. Gucci Mane.mp4,DreezyOfficialVEVO,"Dreezy “No Hard Feelings” available now
iTunes: http://smarturl.it/NHF.Dreezy 
Apple Music: http://smarturl.it/NHF.ap
Google Play: http://smarturl.it/NHF.gp 
Amazon: http://smarturl.it/NHF.amz 
Spotify: http://smarturl.it/NHF.sp

Dreezy Newsletter: http://smarturl.it/Dreezy.News

Music video by Dreezy performing We Gon Ride. (C) 2016 Interscope Records

http://vevo.ly/GVNTR5",8379389,4.76054286957,93253,5938,00:03:48,228,"[Dreezy, We, Gon, Ride, Interscope, Records, Hip, Hop]",2016-08-04 07:00:02
40,Birdman - Breathe.mp4,BirdmanVEVO,"Music video by Birdman performing Breathe. 2016 Cash Money Records Inc.

http://vevo.ly/GWpb5a",1148190,4.7870631218,9675,544,00:03:24,204,"[Birdman, Breathe, Cash, Money, Records, Inc., Rap/Hip-Hop]",2016-08-02 18:43:20
41,Brianna Perry - Something To Live For featuring Stacy Barthe.mp4,briannatheyrb,"Brianna Perry ""Something To Live For"" featuring Stacy Barthe

'Sisterhood Of Hip Hop' Every Tuesday at 9pm est on Oxygen Network

Twitter: @BriannatheYRB
IG: @BriannaPerry",33604,4.89244556427,760,21,00:03:43,223,"[brianna perry, sisterhood of hip hop, new music, hip hop, rap, miami, 305, dade county, oxygen, oxygen network]",2016-08-02 16:58:24
42,French Montana - No Shopping ft. Drake.mp4,FrenchMontanaVEVO,"Preorder ""MC4"" on iTunes: http://smarturl.it/MC4
Amazon Digital: http://smarturl.it/MC4_Dig

""No Shopping"" feat. Drake on Spotify: http://smarturl.it/NoShopping_Spotify
Apple Music: http://smarturl.it/MC4_Apple
Google Play: http://smarturl.it/NoShopping_GP

www.frenchmontanamusic.com
https://www.instagram.com/frenchmontana
https://twitter.com/FrencHMonTanA
https://www.facebook.com/FrenchMontanaOfficial

(C) 2016 Epic Records, a division of Sony Music Entertainment/Bad Boy Entertainment",57674279,4.64829111099,366635,35345,00:05:21,321,"[Rap, No Shopping, French Montana feat. Drake, Coke Boys, Bad Boy Entertainment, Bad Boy Entertainment/Epic Records, French, Figure It Out, MC, Mac & Cheese 4, Kodak Black, Puff Daddy & The Family, Lockjaw, Excuse My French, Mac & Cheese, Hip Hop]",2016-07-29 23:55:00
43,YG - Word Is Bond ft. Slim 400.mp4,YGVEVO,"YG’s sophomore album STILL BRAZY Available Now! http://smarturl.it/StillBrazy
 
iTunes: http://smarturl.it/iStillBrazy
Google: http://smarturl.it/gStillBrazy
Amazon: http://smarturl.it/aStillBrazy
 
Stream On,
Spotify:http://smarturl.it/sStillBrazy
Tidal: http://smarturl.it/tStillBrazy
Apple Music: http://smarturl.it/xStillBrazy
 
More From YG:
http://4hunnid.com
http://twitter.com/YG
http://instagram.com/YG
http://facebook.com/4HUNNID

Music video by YG performing Word Is Bond. (C) 2016 Def Jam Recordings, a division of UMG Recordings, Inc.

http://vevo.ly/aSQCPO",4386696,4.81883525848,54975,2608,00:03:16,196,"[YG, Word, Is, Bond, Def, Jam, Recordings, Hip, Hop]",2016-07-29 14:00:07
44,Soulja Boy - No Time (Official Video) Shot By @AZaeProduction.mp4,A Zae Production,"Subscribe & Follow “A Zae Production” For More Videos.
 http://Instagram.com/azaeproduction
http://twitter.com/azaeproduction
For Booking azpbooking@gmail.com",354725,4.545358181,5022,644,00:03:21,201,"[SouljaBoy, AZaeProduction, MrZae220, Atlanta, Trap, Rap, HipHop, Chicago, NoTime]",2016-07-26 20:19:08
45,Gucci Mane - Richest N____ In The Room [Official Music Video].mp4,OfficialGucciMane,"Gucci Mane - Richest N**** In The Room

Stream Everybody Looking on Spotify - http://smarturl.it/GucciSpotify

Everybody Looking Available Now

Official Ice Cream Dad Hats available here: http://atlr.ec/IceCreamDadHatsYT

Follow Gucci
Instagram - https://www.instagram.com/laflare1017
Twitter - https://twitter.com/gucci1017
Facebook - https://www.facebook.com/guccimane
Website - http://guccimaneonline.com/",1796486,4.82308483124,17828,825,00:04:04,244,"[Gucci Mane, Richest N**** In The Room, Music Video, Everybody Looking]",2016-07-26 14:27:18
46,Wale - My PYT [OFFICIAL MUSIC VIDEO].mp4,Wale,"Get Wale's new single My PYT, available everywhere now.

Buy: http://smarturl.it/BuyPYT
Stream: http://smarturl.it/StreamPYT

Keep up with Wale's PYT's here: http://walespyt.tumblr.com/

Follow Wale

http://www.facebook.com/waleofficial
http://twitter.com/wale
http://Instagram.com/Wale
http://soundcloud.com/ralphfolarin
https://open.spotify.com/artist/67nwj3Y5sZQLl72VNUHEYE
http://www.walemusic.com/",24287839,4.71424007416,139713,10749,00:04:15,255,"[Wale, My PYT, S.H.I.N.E., Michael Jackson, Pretty Young Thing, Hip Hop, Rap]",2016-07-25 16:08:51
47,Gucci Mane - Out Do Ya [Official Music Video].mp4,OfficialGucciMane,"Gucci Mane - Out Do Ya 

Stream Everybody Looking on Spotify - http://smarturl.it/GucciSpotify

Everybody Looking Available Now

Official Ice Cream Dad Hats available here: http://atlr.ec/IceCreamDadHatsYT

Follow Gucci
Instagram - https://www.instagram.com/laflare1017
Twitter - https://twitter.com/gucci1017
Facebook - https://www.facebook.com/guccimane
Website - http://guccimaneonline.com/",3527027,4.62946510315,27358,2793,00:02:57,177,"[Gucci Mane, Out Do Ya, Music Video, Everybody Looking]",2016-07-25 16:04:17
48,Big Baby D.R.A.M. - Broccoli feat. Lil Yachty (Official Music Video).mp4,Does.Real. Ass.Music.,"From the album Big Baby D.R.A.M., available now.

Stream: http://SmartURL.it/StreamBigBabyDRAM
Buy: http://SmartURL.it/BuyBigBabyDRAM

Directed by Nathan R. Smith & Hidji Films 

http://www.bigbabydram.com
http://Twitter.com/BigBabyDRAM
http://Facebook.com/BigBabyDRAM
http://Instagram.com/BigBabyDRAM
http://soundcloud.com/BigBabyDRAM",111994115,4.7036356926,724695,57990,00:03:50,230,"[D.R.A.M., LIL YACHTY, BROCCOLI, Official, Music Video, DRAM, Big Baby DRAM, Lil Boat, Brocolli, Cha Cha]",2016-07-22 17:01:22
49,Gucci Mane - Waybach [Official Music Video].mp4,OfficialGucciMane,"Gucci Mane - Waybach

Stream Everybody Looking on Spotify - http://smarturl.it/GucciSpotify

Everybody Looking Available Now

Official Ice Cream Dad Hats available here: http://atlr.ec/IceCreamDadHatsYT

Follow Gucci
Instagram - https://www.instagram.com/laflare1017
Twitter - https://twitter.com/gucci1017
Facebook - https://www.facebook.com/guccimane
Website - http://guccimaneonline.com/",5687040,4.80243253708,38608,2006,00:03:41,221,"[Gucci Mane, Waybach, Everybody Looking]",2016-07-22 17:01:08
50,Z-Ro - Where The Real.mp4,ZRoOfficialVEVO,"Get the album, ""Drankin' & Drivin'"".
iTunes: https://itunes.apple.com/us/album/drankin-drivin/id1114616014?uo=4&at=1001l3Iq&ct=888915229361&app=itunes
Spotify: https://open.spotify.com/album/0RUOgdsHSC7qEGWaqSZ9B9
Google Play: https://play.google.com/store/music/album/Z_Ro_Drankin_Drivin?id=Brn2jab2m7ceokux2l33nd6bc4m&hl=en


Official music video by Z-Ro performing Where The Real. 2016 1 Deep Entertainment / EMPIRE

http://vevo.ly/mxyP9S",959043,4.8539814949,11059,419,00:04:37,277,"[Z-Ro, Where, The, Real, Deep, Entertainment, EMPIRE, Rap/Hip-Hop, ZRO, Drankin Drivin, Album, Official, VEVO]",2016-07-21 16:50:04
51,Lil Durk - LilDurk2x.mp4,LilDurkVEVO,"Lil Durk 2x Available Now! http://smarturl.it/LilDurk2x

Download/Stream LIL DURK 2X:
Google Play: http://smarturl.it/gLilDurk2x
iTunes: http://smarturl.it/iLilDurk2x
Amazon: http://smarturl.it/aLilDurk2x
Stream: http://smarturl.it/rLILDURK2X
Lil Durk Shop: http://smarturl.it/LilDurkShop

More From Lil Durk: 
http://twitter.com/lildurk
http://instagram.com/imlildurk2x
http://facebook.com/lildurk
http://lildurkshop.com 

Music video by Lil Durk performing LilDurk2x. (C) 2016 Def Jam Recordings, a division of UMG Recordings, Inc.

http://vevo.ly/RLcL3h",2392029,4.86010313034,21191,768,00:03:12,192,"[Lil, Durk, LilDurk2x, Def, Jam, Recordings, Hip, Hop]",2016-07-20 16:00:00
52,"Rich Gang - Most of Them ft. Derez, Kutta, NENO.mp4",BirdmanVEVO,"Music video by Rich Gang performing Most of Them. 2016 Cash Money Records Inc.

http://vevo.ly/RzhQyU",56625,4.80615568161,1453,74,00:03:32,212,"[Rich, Gang, Most, of, Them, Cash, Money, Records, Inc., Rap/Hip-Hop]",2016-07-20 01:57:55
53,Gucci Mane - No Sleep (Intro) [Official Music Video].mp4,OfficialGucciMane,"Gucci Mane - No Sleep (Intro)

Stream No Sleep (Intro) on Spotify - http://smarturl.it/NoSleepSpotify

East Atlanta Santa Merch Shop now open, shop here: http://smarturl.it/Gucci.ShopYT

Follow Gucci
Instagram - https://www.instagram.com/laflare1017
Twitter - https://twitter.com/gucci1017
Facebook - https://www.facebook.com/guccimane
Website - http://guccimaneonline.com/",8270199,4.68318557739,58826,5060,00:03:42,222,"[Gucci Mane, No Sleep, Music Video, Everybody Looking]",2016-07-18 14:39:37
54,Lil Durk - Money Walk ft. Yo Gotti.mp4,LilDurkVEVO,"Watch Lil Durk ""Money Walk"" featuring Yo Gotti

Lil Durk 2x Available Now! http://smarturl.it/LilDurk2x

Download/Stream LIL DURK 2X:
Google Play: http://smarturl.it/gLilDurk2x
iTunes: http://smarturl.it/iLilDurk2x
Amazon: http://smarturl.it/aLilDurk2x
Stream: http://smarturl.it/rLILDURK2X
Lil Durk Shop: http://smarturl.it/LilDurkShop

More From Lil Durk: 
http://twitter.com/lildurk
http://instagram.com/imlildurk2x
http://facebook.com/lildurk
http://lildurkshop.com 

Music video by Lil Durk performing Money Walk. (C) 2016 Def Jam Recordings, a division of UMG Recordings, Inc.

http://vevo.ly/LFPt9v",5177109,4.85903263092,44047,1609,00:03:15,195,"[Lil, Durk, Money, Walk, Def, Jam, Recordings, Hip, Hop]",2016-07-15 16:00:01
55,Young Thug _ Memo_.mp4,Young Thug,"Get your tickets to the HiHorsed Tour: http://youngthugtours.com/

Young Thug releases visual to ""Memo"".. Giving you an update on all that's going on in the work of Young Thug. From sold out tours, to endorsments with Calvin Klein, and many more.. Stay tuned!!

Visual was Directed by Be EL Be",7262278,4.83811903,89527,3776,00:03:27,207,"[Young Thug, Memo, YSL, SS3, Be EL Be]",2016-07-14 08:42:22
56,YG - Still Brazy.mp4,YGVEVO,"YG’s sophomore album STILL BRAZY Available Now! http://smarturl.it/StillBrazy

iTunes: http://smarturl.it/iStillBrazy
Google: http://smarturl.it/gStillBrazy
Amazon: http://smarturl.it/aStillBrazy

Stream On,
Spotify:http://smarturl.it/sStillBrazy
Tidal: http://smarturl.it/tStillBrazy
Apple Music: http://smarturl.it/xStillBrazy

More From YG:
http://4hunnid.com
http://twitter.com/YG
http://instagram.com/YG
http://facebook.com/4HUNNID


Music video by YG performing Still Brazy. (C) 2016 Def Jam Recordings, a division of UMG Recordings, Inc.

http://vevo.ly/YSdGCT",5512377,4.79855489731,67695,3590,00:04:09,249,"[YG, Still, Brazy, Def, Jam, Recordings, Hip, Hop]",2016-07-13 16:00:03
57,Gucci Mane - Guwop Home feat. Young Thug [Official Music Video].mp4,OfficialGucciMane,"Gucci Mane - Guwop Home feat. Young Thug

Stream Everybody Looking on Spotify - http://smarturl.it/StreamGucciSpotify

East Atlanta Santa Merch Shop now open, shop here: http://smarturl.it/Gucci.ShopYT

Follow Gucci
Instagram - https://www.instagram.com/laflare1017
Twitter - https://twitter.com/gucci1017
Facebook - https://www.facebook.com/guccimane
Website - http://guccimaneonline.com/",3502330,4.85658884048,34314,1276,00:03:50,230,"[Gucci Mane, Young Thug, Guwop Home, Music Video, Everybody Looking]",2016-07-13 14:17:12
58,"Juicy J, Wiz Khalifa, TM88 - All Night (Official Video).mp4",TheJuicyJVEVO,"From the album ""TGOD Mafia Presents: Rude Awakening"".
iTunes: http://smarturl.it/RudeAwakening
YouTube Stream: http://goo.gl/JAhhv5
Spotify: https://open.spotify.com/album/7tdV8Iup7GJM2SSDTfrzBt
Google Play: https://play.google.com/store/music/album/Juicy_J_Wiz_Khalifa_TGOD_Mafia_Presents_Rude_Awake?id=Bjv3ikrqtvqtnwaatr2rsx3n4ta&PAffiliateID=1101l3z7&PCamRefID=888915228388

Directed by Gabriel Hart 

Official music video by Juicy J, Wiz Khalifa, TM88 performing All Night (Official Video). 2016 Atlantic Records / Columbia Records / EMPIRE

http://vevo.ly/sSRY7f",1827522,4.89371109009,19379,529,00:04:10,250,"[Juicy, Wiz, Khalifa, TM88, All, Night, (Official, Video), Atlantic, Records, Columbia, EMPIRE, Rap/Hip-Hop, Official, VEVO, New, Music Video, All Night]",2016-07-07 17:09:43
59,Gucci Mane - First Day Out Tha Feds [Official Music Video].mp4,OfficialGucciMane,"Gucci Mane - First Day Out Tha Feds Available Now!

iTunes: http://smarturl.it/GucciFDOTF
Spotify: http://smarturl.it/StreamFDOTF
Google Play: http://smarturl.it/FDOTFGP
Amazon: http://smarturl.it/FDOTFAmazon
Apple Music: http://smarturl.it/FDOTFAppleMusic

East Atlanta Santa Merch Shop now open, shop here: http://smarturl.it/Gucci.ShopYT

Follow Gucci
Instagram - https://www.instagram.com/laflare1017
Twitter - https://twitter.com/gucci1017
Facebook - https://www.facebook.com/guccimane
Website - http://guccimaneonline.com/",17945130,4.71322011948,123679,9552,00:02:40,160,"[Gucci Mane, First Day Out Tha Feds, Music Video, Everybody Looking]",2016-07-06 16:00:15
60,Trae Tha Truth - Ridin' Top Dine.mp4,TraeThaTruthVEVO,"Get the project, ""Another 48 Hours"".
iTunes: https://itunes.apple.com/us/album/another-48-hours/id1127496351?uo=4&at=1001l3Iq&ct=888915242896&app=itunes
Spotify: https://open.spotify.com/album/5zL3VEnJMDBrsQFZPCRpDN
Google Play: https://play.google.com/store/music/album/Trae_tha_Truth_Another_48_Hours?id=Bjcsp4tgw5y4fvbegi47exoauyi&PAffiliateID=1101l3z7&PCamRefID=888915242896

Music video by Trae Tha Truth performing Ridin' Top Dine. 2016 ABN / EMPIRE

http://vevo.ly/lcmDWR",422186,4.79170513153,4114,226,00:02:58,178,"[Trae, Tha, Truth, Ridin', Top, Dine, ABN, EMPIRE, Rap/Hip-Hop]",2016-07-06 01:19:48
61,Snoop Dogg - Point Seen Money Gone ft. Jeremih.mp4,SnoopDoggVEVO,"“Point Seen Money Gone” is off of Snoop’s ‘Coolaid’ album
Get ‘Point Seen Money Gone’ - http://flyt.it/COOLAID
http://snoopdogg.com
 
Directed by: Benny Bloom
Edited by: Deji  Laray
Producer: John Lathan
Executive Producer: Nicholas Stokes/Gerald Rawles

http://vevo.ly/1A818P",3252571,4.85792303085,41681,1535,00:04:20,260,"[Snoop, Dogg, Point, Seen, Money, Gone, eOne, Music, Rap/Hip-Hop, R&B/Soul]",2016-07-05 13:00:12
62,"DJ Khaled - I Got the Keys ft. Jay Z, Future.mp4",DJKhaledVEVO,"Preorder ""Major Key"" at iTunes and get ""I Got The Keys"" instantly: http://smarturl.it/Major.Key
""I Got The Keys"" available at Tidal: http://smarturl.it/IGotTheKeys_Tidal
Apple Music: http://smarturl.it/IGotTheKeys_Apple
Spotify: http://smarturl.it/IGotTheKeys_Spfy
Amazon: http://smarturl.it/IGotTheKeys_Dig
Google Play: http://smarturl.it/IGotTheKeys_GP

Follow DJ Khaled:
Facebook: https://www.facebook.com/officialdjkhaled
Twitter: https://twitter.com/djkhaled
Instagram: https://instagram.com/djkhaled

(c) 2016 Epic Records, a division of Sony Music Entertainment",74662350,4.63097000122,475717,48349,00:04:08,248,"[Rap, Suffering from Success, We The Best, Major Key, DJ, I Changed a Lot, Epic/We The Best, For Free, DJ Khaled feat. Jay Z & Future, We The Best Music, They Don't Love You No More, Roc Nation, MC, Future, Jay Z, Khaled Mohamed Khaled, I Got the Keys, Drake, No New Friends, Hip Hop]",2016-07-04 04:01:00
63,Lil Mama - Too Fly.mp4,IAMLILMAMA OFFICIAL,"MamazHouze Presents The Official Music Video for 'Too Fly"" 

For a while i didn't feel like i was ready to share this video with you, I'm a perfectionist and i wanted it to be perfect, but everybody has been asking about it. so although i feel very strong about my art meeting my fore vision to a T. I'm learning that there is always room for growth. Thank you for supporting my work as a song writer, performer, producer, director, actress etc. Thank You for supporting my work by watching, sharing it and giving honest feedback. without you, a genuine person with their own mind, voice and style, its impossible for true art to be appreciated...


being 'too fly"" is being 'too great o settle or quit"" 

God Has blessed me with the strength to NEVER give up. If i were to ever stop. what would i be saying about my faith?!",162746,4.835688591,5089,218,00:04:13,253,"[Take Me Back, Future]",2016-07-02 10:17:21
64,Kanye West - Famous.mp4,KanyeWestVEVO,"Kanye West - Famous

http://vevo.ly/cVDXmL",21366595,2.8108123201,267519,323418,00:10:37,637,"[Kanye West, Famous, Taylor Swift, Donald Trump, Rihanna, Chris Brown, Kim Kardashian, Ray J, George Bush, Amber Rose, Bill Cosby, Anna Wintour, Caitlyn Jenner, famous kanye west chance the rapper, famous kanye west young thug, famous kanye west taylor swift lyric, famous kanye caitlyn, famous kanye demo, famous kanye taylor swift, rihanna kanye west, swizz beats kanye west, rihanna famous, kanye west fade, kanye west father stretch my hands]",2016-07-01 15:30:00
65,Tyga - 1 of 1.mp4,TygaVEVO,"Get the single, ""1 of 1"". Out Now!
iTunes: https://itunes.apple.com/us/album/1-of-1-single/id1122133158?uo=4&at=1001l3Iq&ct=888915238431&app=itunes
Spotify: https://open.spotify.com/album/1L5gFLqqPtBNuJV5iwUBDT
Google Play: https://play.google.com/store/music/album?id=Bb2furpecnj4zn2woi5czi2d3qy&tid=song-Twbxkvk5tjgwuvtrqqxz5oj544u&PAffiliateID=1101l3z7&PCamRefID=888915238431

Official music video by Tyga performing 1 of 1. 2016 Last Kings Music

http://vevo.ly/IAdBlQ",43463170,4.45689678192,255889,40202,00:05:06,306,"[Tyga, 1 of 1, 1 on 1, One on One, Last, Kings, Music, Rap/Hip-Hop, Reggae, Dancehall, Controlla, Drake, Official, EMPIRE, Music Video, VEVO, Kingston, Jamaica, Shomi Patwary, Amina Blue]",2016-07-01 12:00:01
66,Steve Aoki - How Else feat. Rich The Kid & ILoveMakonnen (Official Video).mp4,Ultra Music,"Steve Aoki - How Else feat. Rich The Kid & ILoveMakonnen Available Now! http://smarturl.it/SteveAokiHowElse
Listen to more songs like this with our """"Dance All Day"" playlist!
Spotify http://smarturl.it/UltraSpotifyDAD
Apple Music http://smarturl.it/DanceAllDayAP""

Subscribe to Ultra Music  - https://www.youtube.com/subscription_center?add_user=ultrarecords

Follow Us:
https://www.ultramusic.com
https://www.twitter.com/ultrarecords
https://www.facebook.com/ultramusic
https://www.youtube.com/ultratv
https://merch.ultramusic.com
https://instagram.com/ultrarecords
https://soundcloud.com/ultrarecords
https://open.spotify.com/user/ultramusicofficial

Ultra Music is an American independent electronic music record label based in New York City. Ultra's current roster includes Benny Benassi, Steve Aoki, Kygo, OMI, Deorro, The Bloody Beetroots, Lil Jon, Above & Beyond, Hot Since 82, Paul van Dyk, Faul, Chris Lake, Klingande, Bakermat, Carnage, Mr Probz, Flosstradamus, Hardwell, Henry Krinkle, Chris Malinchak, Storm Queen, Congorock, Adrian Lux, Axwell, and others. Ultra has featured releases from the aforementioned artists and many others including Tiësto, Avicii, Paul Oakenfold, The Crystal Method, Sasha & John Digweed, and others.",1380108,4.75820922852,23004,1480,00:02:59,179,"[ultra records, ultra music, ultrarecords, ultramusic, house, vocal, music video, music, videos, premiere, new, artist, dance, ultra, steve, aoki, steve aoki, rich, the, kid, rich the kid, ilovemakonnen, ilove, makonnen, steve aoki rich the kid, steve aoki rich the kid ilovemakonnen, how else, aoki rich the kid ilovemakonnen, ilovemakonnen steve aoki, ilovemakonnen aoki how else, aoki how else, how else aoki, how else rich the kid aoki, aoki ilovemakonnen, aoki makonnen, trap, drake, soulja boy]",2016-06-30 00:21:19
67,"Royce 5'9_ - Layers ft. Pusha T, Rick Ross.mp4",RoyceDa59VEVO,"The new album from Royce 5’9” Layers is available now: 

iTunes:    http://flyt.it/RoyceLayers
Amazon: http://flyt.it/RoyceAmazon

Like Royce on Facebook: https://www.facebook.com/royceda59official
Follow Royce on Twitter: https://twitter.com/Royceda59
Follow Royce on Instagram: https://www.instagram.com/royceda59/

http://vevo.ly/8weteP",1162034,4.83928823471,12518,524,00:04:32,272,"[royce 5'9, layers, bad half entertainment, trust the shooter, rick ross, pusha t, slaughterhouse, prhyme, meeta, evil, music, rap]",2016-06-29 17:00:02
68,A$AP Ferg - Back Hurt ft. Migos.mp4,asapfergVEVO,"A$AP Ferg new album 'Always Strive And Prosper' available everywhere! Get it on: 
Apple Music: http://smarturl.it/fergASAP?IQid=yt
Listen on Spotify: http://smarturl.it/sfergASAP?IQid=yt
Amazon: http://smarturl.it/afergASAP?IQid=yt
Google Play: http://smarturl.it/gfergASAP?IQid=ty

Follow Ferg:
http://www.asapferg.com
https://www.instagram.com/asapferg/
https://www.facebook.com/asapfergofficial
https://twitter.com/ASAPferg",1885507,4.9013094902,30162,763,00:03:44,224,"[Rap, Back Hurt, A$AP Ferg feat. Migos, A$AP Worldwide/Polo Grounds Music]",2016-06-29 15:00:00
69,Young Thug - Turn Up.mp4,Young Thug,"Get your tickets to the HiHorsed Tour: http://youngthugtours.com/

Young Thug releases the video for his latest single entitled ""Turn Up"" produced by Felix Snow. The video features a collaboration between Young Thug and Jerrika Karlae as well as her brand, Karlae Swimwear. Head over to KarlaeSwimwear.com to purchase. 

KarlaeSwimwear.com | @KarlaeSwim
Video Directed by: Garfield Larmond | @WhoIsGLP",6482356,4.57445240021,63619,7574,00:03:35,215, ,2016-06-28 21:32:40
70,Migos  - Cocoon.mp4,Migos ATL,"Download Cocoon HERE: http://flyt.it/MigosCocoon
Spotify: http://flyt.it/MigosCocoonSpotify

Follow: 
http://www.twitter.com/migosatl
http://instagram.com/migosatl",16287420,4.78493690491,115961,6589,00:04:57,297,"[migos, migos yrn, yrn mixtape, yung rich niggas, bando, versace, Cocoon]",2016-06-28 15:43:29
71,A$AP Ferg - World Is Mine ft. Big Sean.mp4,asapfergVEVO,"A$AP Ferg new album 'Always Strive And Prosper' available everywhere! Get it on: 
Apple Music: http://smarturl.it/fergASAP?IQid=yt
Listen on Spotify: http://smarturl.it/sfergASAP?IQid=yt
Amazon: http://smarturl.it/afergASAP?IQid=yt
Google Play: http://smarturl.it/gfergASAP?IQid=ty

Follow Ferg:
http://www.asapferg.com
https://www.instagram.com/asapferg/
https://www.facebook.com/asapfergofficial
https://twitter.com/ASAPferg",2048381,4.74654388428,27982,1893,00:03:49,229,"[Rap, World Is Mine, A$AP Worldwide/Polo Grounds Music, A$AP Ferg feat. Big Sean]",2016-06-27 06:30:01
72,"YFN Lucci - Key To The Streets (Official Video) ft. Migos, Trouble.mp4",yfnlucciVEVO,"Get the single, ""Key to the Streets"".
iTunes: https://itunes.apple.com/us/album/key-to-streets-feat.-migos/id1087147149?uo=4&at=1001l3Iq&ct=888915198728&app=itunes
Spotify: https://open.spotify.com/album/6cQlz43QYCAlgjJGXRJbgv
Google Play: https://play.google.com/store/music/album?id=Bz3caalyktrvsmcfzdjd74wqb2q&tid=song-Tdhafceiv3ilvlnh6qym2lkjj3e&PAffiliateID=1101l3z7&PCamRefID=888915198728

Official music video by YFN Lucci performing Key To The Streets. 2016 Think It's A Game Records / Lucci

http://vevo.ly/4dpUrh",31103918,4.76265954971,192302,12130,00:05:02,302,"[YFN, Lucci, Young Fly Niggas, Key To The Streets, Key, Streets, Think, It's, Game, Records, Rap/Hip-Hop, Migos, Official, VEVO, Music Video, WorldStar, Exclusive, Rap, Rich Homie Quan, Trouble, EMPIRE]",2016-06-24 23:00:00
73,2 Chainz - MFN Right (Remix) ft. Lil Wayne.mp4,2ChainzVEVO,"2 Chainz “MFN Right” from the new album #ColleGrove available everywhere http://smarturl.it/ColleGrove

iTunes: http://smarturl.it/idColleGrove
Google: http://smarturl.it/gColleGrove
Amazon: http://smarturl.it/aColleGrove
Spotify: http://smarturl.it/sColleGrove

Follow 2 Chainz: 
http://2chainzshop.com
http://twitter.com/2chainz
http://instagram.com/hairweavekiller
http://facebook.com/2chainz
http://hairweavekiller.tumblr.com
http://youtube.com/2ChainzVEVO

Music video by 2 Chainz performing MFN Right. (C) 2016 Def Jam Recordings, a division of UMG Recordings, Inc.

http://vevo.ly/WwH7Ko",10954573,4.72517871857,84420,6228,00:03:48,228,"[Chainz, MFN, Right, Def, Jam, Recordings, Hip, Hop]",2016-06-24 16:00:06
74,"Kevin Gates - Jam feat. Trey Songz, Ty Dolla $ign, & Jamie Foxx [Official Music Video].mp4",kevingatesTV,"Kevin Gates Debut Album Islah Is Out Now!

Download Islah Now:
iTunes: http://smarturl.it/KGIslah
Amazon: http://smarturl.it/IslahAmazon
Google Play: http://smarturl.it/IslahGP

Stream Islah Now: 
Spotify: http://smarturl.it/StreamKGIslah
Apple Music: http://smarturl.it/IslahAM

Get Islah merch here: http://smarturl.it/IslahMerchYT

Follow Gates
Twitter: https://twitter.com/iamkevingates
Instagram: http://instagram.com/iamkevingates
Facebook: https://www.facebook.com/kvngates/
Website: http://www.kvngates.com/",20005210,4.78605175018,162769,9198,00:04:00,240,"[Kevin gates, Kevin, Gates, Hip Hop, Rap, Jam, Trey Songz, Ty Dolla $ign, Jamie Foxx]",2016-06-24 00:00:49
75,50 Cent - No Romeo No Juliet ft. Chris Brown (Official Music Video).mp4,50 Cent,"50 Cent releases the official music video for his new hit song, ""No Romeo No Juliet"" featuring Chris Brown.

Available for download:
iTunes: http://apple.co/2by5zA9
Spotify: http://smarturl.it/50NRNJ_Stream

Off of Kanan Reloaded

Track produced by Arthur McArthur

Listen to The Kanan Tape here: https://www.youtube.com/playlist?list=PLAaZGFiukWbYfcWqniPoLMGTYM3iCSw3i


Connect:
http://www.instagram.com/50cent
snap: iam50cent",36945289,4.82621240616,288285,13094,00:04:54,294,"[50 cent, chris brown, music video, no romeo, no romeo no juliet, no juliet, we pimpin]",2016-06-23 00:00:01
76,Maino - Mama Loves Me.mp4,MainoVEVO,"Music video for Mama Loves Me performed by Maino.

Produced & Directed by Nick M.
Shot & Edited by Strange Nature Productions

Copyright (C) 2016 Hustle Hard | Executive Nick

http://vevo.ly/jNe2Le",149437,4.84354019165,2432,99,00:03:39,219,"[vydia, music, music video, Mama Loves Me, Maino, Rap/Hip-Hop, KOB3, 2015, Hustle Hard | Executive Nick, Nick M. x Strange Nature Productions, Jermaine Coleman, vevo]",2016-06-20 20:30:01
77,"Rich Gang - Pull Up ft. Jacquees, J-Soul, Ralo Stylz, Derez Lenard, Birdman.mp4",RichGangVEVO,"Pull Up (Explicit Version) ft. Jacquees & J-Soul & Ralo Stylz & Derez Lenard & Birdman
Listen On Apple Music: http://republicrec.co/RichGangPullUpAM 
Listen On Spotify: http://republicrec.co/RichGangPullUpSP 

Download Here: http://republicrec.co/RichGangPullUp 

Directed & Produced by Chris Ferguson
For GT Films Productions

Music video by Rich Gang performing Pull Up.  © 2016  Cash Money Records Inc.

http://vevo.ly/9FRk36",5024385,4.74961566925,40269,2689,00:04:45,285,"[Rich, Gang, Pull, Up, Cash, Money, Rap]",2016-06-20 07:00:01
78,K Camp - 5 Minutes ft. 2 Chainz.mp4,KCampVEVO,"K Camp “5 Minutes” ft. 2 Chainz
iTunes: http://smarturl.it/5Minutes.KC 
Apple Music: http://smarturl.it/5Minutes.am 
Google Play: http://smarturl.it/5Minutes.gp 
Amazon: http://smarturl.it/5Minutes.amz 
Spotify: http://smarturl.it/5Minutes.sp 

K Camp Newsletter: http://smarturl.it/KCamp.News

Music video by K Camp performing 5 Minutes. (C) 2016 Interscope Records

http://vevo.ly/f37uky",1704724,4.63049793243,19130,1947,00:03:23,203,"[Camp, Minutes, Family, Ties, Interscope, Hip, Hop]",2016-06-17 16:00:03
79,Lil Wayne - Skate It Off (Produced By Twice As Nice).mp4,Lil Wayne,"Official music video for ""Skate It Off"" by Lil Wayne. Produced by Twice As Nice.

Click to subscribe to Lil Wayne's YouTube channel for exclusive footage! http://www.youtube.com/subscription_center?add_user=YMWayneCarter

Watch Lil Wayne's Exclusive Series and Footage:
Weezy Wednesdays: http://bit.ly/WeezyWeds
Lil Wayne Exclusive Tracks: http://bit.ly/WayneExclusives
Lil Wayne Official Music Videos: http://bit.ly/WayneVideos

Lil Wayne on Twitter: http://www.twitter.com/LilTunechi
Lil Wayne on Facebook: http://www.facebook.com/LilWayne
Young Money on Facebook: http://www.facebook.com/youngmoneyent",2636707,4.81271123886,29620,1455,00:04:37,277,"[meechie, weezy wednesday, lil wayne 2016, wayne carter, skateboard, hollyweezy, tha carter, weezy, hiphop, lil wayne, young money, skate it off, trukfit, ymcmb, twice as nice]",2016-06-16 21:00:01
80,Who Am I_.mp4,DeJ Loaf,"© Yellow World.

Download Dej Loaf’s Mixtape “All Jokes Aside” here: http://smarturl.it/AllJokesAside

Follow DeJ Loaf:
http://www.dejloafmusic.com/
https://www.facebook.com/DejLoafOfficial
https://twitter.com/dejloaf
https://instagram.com/dejloaf/
Snapchat username: dejloaf",572929,4.89418888092,8980,244,00:03:13,193,"[dejloaf, dej, loaf, Who Am I, All Jokes Aside, Yellow World]",2016-06-15 18:59:08
81,Rae Sremmurd - Look Alive.mp4,RaeSremmurdVEVO,"Rae Sremmurd “SremmLife 2” available now
iTunes: http://smarturl.it/SremmLife2
Apple Music:  http://smarturl.it/SremmLife2.AP
Google Play:  http://smarturl.it/SremmLife2.GP
Amazon: http://smarturl.it/SremmLife2.AMZ
Spotify:  http://smarturl.it/SremmLife2.SP
 Target (includes 2 bonus tracks): Sremmlife 2: http://smarturl.it/Sremmlife2.Tgt 
Rae Sremmurd newsletter: http://smarturl.it/RaeSremmurd.News 

Music video by Rae Sremmurd performing Look Alive. (C) 2016 Eardruma/Interscope Records

http://www.vevo.com/watch/USUV71600983",42750461,4.82417631149,328469,15102,00:03:46,226,"[Rae, Sremmurd, Look, Alive, Eardruma/Interscope, Records, Hip, Hop]",2016-06-13 16:30:01
82,Machine Gun Kelly - 4th Coast Freestyle [Official Music Video].mp4,Machine Gun Kelly,"something for the fans over my dawg Young Dolph's ""Down South Hustlers"" beat. EST 4 life. Lets bring that trophy home Cleveland.",1585201,4.91297960281,22708,505,00:02:33,153,"[machine gun kelly, mgk, cleveland, cavs, cavaliers, 4th coast, midwest, interscope, est19xx, est, bad boy]",2016-06-10 15:27:58
83,French Montana - Lockjaw ft. Kodak Black.mp4,FrenchMontanaVEVO,"""Lockjaw"" by French Montana feat. Kodak Black
Directed by: SpiffTV
Preorder ""MC4"" at iTunes: http://smarturl.it/MC4
Amazon: http://smarturl.it/MC4_Dig
Google Play: http://smarturl.it/MC4_GP

Stream ""Lockjaw"" on Spotify: http://smarturl.it/LockJaw_Sptfy
Deezer: http://smarturl.it/Lockjaw_Deezer

https://www.frenchmontanamusic.com
https://www.instagram.com/frenchmontana
https://twitter.com/FrencHMonTanA
https://www.facebook.com/FrenchMontanaOfficial

(c) 2016 Epic Records, a division of Sony Music Entertainment/Bad Boy Entertainment",64888492,4.7223238945,365763,27285,00:03:52,232,"[Rap, Kanye West, Coke Boys, French Montana, Bad Boy Entertainment, Epic Records, Bad Boy Entertainment/Epic Records, French, French Montana feat. Kodak Black, Kodak Black, Lock Jaw, Puff Daddy & The Family, Lockjaw, Excuse My French, Hip Hop]",2016-06-09 16:00:05
84,Wiz Khalifa - Celebrate ft. Rico Love [Official Video].mp4,Wiz Khalifa,"See Wiz & Snoop on tour this summer http://smarturl.it/TheHighRoadTour

Get Taylor Gang merch http://store.taylorgang.com

Download ""Khalifa"" http://smarturl.it/KHALIFA
Stream ""Khalifa"" http://smarturl.it/KHALIFAspotify
Stream ""Khalifa"" http://smarturl.it/KHALIFAapplemusic

Directed by Dan Folger x Wiz Khalifa
Edited by Chris Cordova
Video Production by Diego Ramos

►Subscribe to channel: http://goo.gl/y3Bnno
►Snapchat - https://www.snapchat.com/add/khalifathecap
►Twitter - https://twitter.com/wizkhalifa
►Facebook - https://facebook.com/wizkhalifa
►Instagram - https://www.instagram.com/wizkhalifa/
►Soundcloud - https://soundcloud.com/wizkhalifa
►Website: http://wizkhalifa.com

Wiz Khalifa - Celebrate ft. Rico Love [Official Video]",6965667,4.90617513657,87512,2102,00:03:08,188,"[Wiz Khalifa, Blacc Hollywood, Taylor Gang, Atlantic Records, hip hop, wiz, khalifa, Pittsburgh, Los Angeles, taylorgangent, TGOD, taylor gang or die, Furious 7, paul walker, paul walker tribute, See You Again (Composition), king of everything, bake sale, rico love]",2016-06-07 03:13:54
85,Vic Mensa - There's Alot Going On (Official Music Video).mp4,Vic Mensa,"Watch the video for Vic Mensa's EP title track “There's Alot Going On” available for free via Respect My Vote through July 4th.

Pledge to Vote and Download: http://www.respectmyvote.com/tago

""There's Alot Going On EP"" 
Tidal: http://smarturl.it/tTAGO 
iTunes: http://smarturl.it/iTAGO 
Google Play: http://smarturl.it/gTAGO 
Amazon: http://smarturl.it/aTAGO 
Spotify: http://smarturl.it/sTAGO

Directed by Jake Osmun and Vic Mensa
Produced by Papi Beatz, Smoko Ono and Knox Fortune
Choreography and Additional Creative Direction by Ian Eastwood

Follow Vic Mensa:
http://vicmensa.com 
http://facebook.com/vicmensa1
http://twitter.com/VicMensa
http://instagram.com/vicmensa
http://youtube.com/vicmensa
http://cakemensa.tumblr.com/",1534580,4.90023231506,35653,912,00:05:52,352,"[vic mensa, roc nation, savemoney, chicago savemoney]",2016-06-06 19:52:46
86,Birdman - Still Hot.mp4,BirdmanVEVO,"Music video by Birdman performing Still Hot. 2016 Cash Money Records Inc.

http://vevo.ly/d4REkK",1109658,4.71032714844,10042,784,00:03:41,221,"[Birdman, Still, Hot, Cash, Money, Records, Inc., Rap/Hip-Hop]",2016-06-03 22:37:25
87,ScHoolboy Q - THat Part ft. Kanye West.mp4,ScHoolBoyQVEVO,"ScHoolboy Q “Blank Face LP” Album
 
iTunes:  http://smarturl.it/BlankFaceLP
Apple Music: http://smarturl.it/BlankFaceLP.ap
Google Play: http://smarturl.it/BlankFaceLP.gp
Amazon: http://smarturl.it/BlankFaceLP.amz 
Spotify: http://smarturl.it/BlankFaceLP.sp 

ScHoolboy Q News: http://smarturl.it/SchoolboyQ.News 

ScHoolboy Q feat. Kanye West “THat Part” out now
iTunes: http://smarturl.it/THatPart 
Tidal: http://smarturl.it/THatPart.tidal 
Apple Music: http://smarturl.it/THatPart.ap 
Google Play: http://smarturl.it/THatPart.gp 
Amazon: http://smarturl.it/THatPart.amz 
Spotify: http://smarturl.it/THatPart.sp

Email Opt-In: http://smarturl.it/SchoolboyQ.News 

http://www.schoolboyq.com/
https://twitter.com/ScHoolBoyQ
https://www.facebook.com/SchoolboyQ
http://www.youtube.com/SchoolBoyQVEVO
http://instagram.com/groovyq

http://vevo.ly/a6J0IN",103591907,4.71637487411,617839,47152,00:05:15,315,"[ScHoolboy, THat, Part, Top, Dawg, Interscope, Rap/Hip-Hop]",2016-06-02 18:00:02
88,Aminé - Caroline.mp4,AmineVEVO,"Music video for Caroline performed by Aminé.
 
Listen Now: http://smarturl.it/AmineCarolineSP
Download Here: http://smarturl.it/AmineCaroline
 
Connect with Aminé:
http://www.heyamine.com
https://twitter.com/heyamine
http://www.facebook.com/heyamine
http://instagram.com/heyamine
http://soundcloud.com/heyamine
 
Directed by
Adam Daniel
 
Written by
Adam Daniel & Brian Kinnes
 
Cinematography/Editing by
Nikolaus Popp (http://puurpleworld.com/)

http://vevo.ly/kwSsVw",48039213,4.87595367432,593361,18990,00:04:09,249,"[portland, caroline, rap, hiphop, hip-hop, amine, adam, daniel, tarantino, kahuna, vydia, music, music video, Caroline, Aminé, Rap/Hip-Hop, Single, 2016, Adam Daniel, Independent, vevo, anime, aminé, banana, northwest, dole, bloopers]",2016-06-01 13:00:00
89,2 Chainz - 100 Joints.mp4,2ChainzVEVO,"2 Chainz “100 Joints” from the new album #ColleGrove available everywhere http://smarturl.it/ColleGrove
 
iTunes: http://smarturl.it/idColleGrove
Google: http://smarturl.it/gColleGrove
Amazon: http://smarturl.it/aColleGrove
Spotify: http://smarturl.it/sColleGrove
 
Follow 2 Chainz: 
http://2chainzshop.com
http://twitter.com/2chainz
http://instagram.com/hairweavekiller
http://facebook.com/2chainz
http://hairweavekiller.tumblr.com
http://youtube.com/2ChainzVEVO
 
Follow Lil Wayne:
http://youngmoney.com
https://twitter.com/liltunechi
https://www.facebook.com/LilWayne
http://instagram.com/liltunechi
https://www.youtube.com/user/LilWayneVEVO

Music video by 2 Chainz performing 100 Joints. (C) 2016 Def Jam Recordings, a division of UMG Recordings, Inc.

http://vevo.ly/sKpoJ4",120668,4.74259471893,916,63,00:04:12,252,"[Chainz, 100, Joints, Def, Jam, Recordings, Hip, Hop]",2016-05-31 15:46:31
90,B.o.B - EARTHQUAKE - Official Video.mp4,B.o.B,"E.A.R.T.H mixtape
Get it here on http://www.datpiff.com/BoB-EARTH-mixtape.779875.html
and follow B.o.B 
Instagram @Bob 
Twitter @bobatl",572145,4.86813497543,12819,437,00:05:20,320,"[B.o.B, Earth, earthquake, no genre]",2016-05-31 14:24:55
91,"Jacquees, Birdman - Lost At Sea.mp4",BirdmanVEVO,"iTunes: https://itunes.apple.com/us/album/lost-at-sea/id1111887017?i=1111887033
Google Play: https://play.google.com/store/music/album/Jacquees_Birdman_Lost_At_Sea_Single?id=Bp4x4ieeh6utugwwrr4bt4taglq
Spotify: https://open.spotify.com/track/29pZtp3P1ZyE8LmhwUJVsE

Music video by Jacquees, Birdman performing Lost At Sea. 2016 Cash Money Records Inc.

http://vevo.ly/Et6bto",782357,4.79887247086,8254,437,00:03:04,184,"[Jacquees, Birdman, Lost, At, Sea, Cash, Money, Records, Inc., Rap/Hip-Hop]",2016-05-27 18:00:02
92,2 Chainz - Gotta Lotta ft. Lil Wayne.mp4,2ChainzVEVO,"2 Chainz “Gotta Lotta” from the new album #ColleGrove available everywhere http://smarturl.it/ColleGrove

iTunes: http://smarturl.it/idColleGrove
Google: http://smarturl.it/gColleGrove
Amazon: http://smarturl.it/aColleGrove
Spotify: http://smarturl.it/sColleGrove

Follow 2 Chainz: 
http://2chainzshop.com
http://twitter.com/2chainz
http://instagram.com/hairweavekiller
http://facebook.com/2chainz
http://hairweavekiller.tumblr.com
http://youtube.com/2ChainzVEVO

Follow Lil Wayne:
http://youngmoney.com
https://twitter.com/liltunechi
https://www.facebook.com/LilWayne
http://instagram.com/liltunechi
https://www.youtube.com/user/LilWayne...

Music video by 2 Chainz performing Gotta Lotta. (C) 2016 Def Jam Recordings, a division of UMG Recordings, Inc.

http://vevo.ly/fc2lUl",4672423,4.71255636215,44004,3407,00:03:15,195,"[Chainz, Gotta, Lotta, Def, Jam, Recordings, Hip, Hop]",2016-05-27 16:00:00
93,Fetty Wap - Wake Up [Official Video].mp4,harlem fetty,"WAKE UP out now
►Download on iTunes: http://flyt.it/WakeUp
►Spotify: http://flyt.it/WakeUpSpotify
►Google Play http://flyt.it/WakeUpGglPly
►Amazon Music http://flyt.it/WakeUpAmz
►Apple Music: http://flyt.it/WakeUpAppl
--
►Website: http://www.fettywap.com/
►Instagram: https://instagram.com/FettyWap1738/
►Twitter: https://twitter.com/fettywap
►Facebook: https://www.facebook.com/FettyWap
--
CLEAN
►iTunes: http://flyt.it/WakeUpCln
►Apple Music: http://flyt.it/WakeUpApplCln
►Spotifyhttp://flyt.it/WakeUpSpotifycln
--
Directed by Alan Del Rio Ortiz",88260593,4.69363832474,518946,43043,00:04:00,240,"[Fetty Wap, Wake Up, Trap Queen, 679, Again, My Way, RGF, Remy Boyz, 1738, Paterson, Zoo Gang, 300 Entertainment, Warner Music Group, Atlantic Records]",2016-05-27 14:05:12
94,Chance the Rapper ft. 2 Chainz & Lil Wayne - No Problem (Official Video).mp4,Chance The Rapper,"Directed by Skim Nasty (http://twitter.com/AustinVesely) & Lil Chano from 79th
Drone footage by Jeff Salzbrunn and Yakub Films",61360749,4.78203725815,382572,22048,00:04:44,284,[undefined],2016-05-27 03:30:40
95,"A$AP Ferg - Yammy Gang ft. A$AP Mob, Tatiana Paulino.mp4",asapfergVEVO,"A$AP Ferg new album 'Always Strive And Prosper' available everywhere! Get it on: 
Apple Music: http://smarturl.it/fergASAP?IQid=yt
Listen on Spotify: http://smarturl.it/sfergASAP?IQid=yt
Amazon: http://smarturl.it/afergASAP?IQid=yt
Google Play: http://smarturl.it/gfergASAP?IQid=ty

Follow Ferg:
http://www.asapferg.com
https://www.instagram.com/asapferg/
https://www.facebook.com/asapfergofficial
https://twitter.com/ASAPferg

Director - @J.A.T.H.A.N
Producer - 10,000 Takes",5153519,4.8231549263,58673,2714,00:02:57,177,"[Rap, A$AP Worldwide/Polo Grounds Music, A$AP Ferg feat. A$AP Mob & Tatiana Paulino, Yammy Gang]",2016-05-26 18:00:01
